name    ,class
578.jpg ,0
929.jpg ,1
749.jpg ,1
1011.jpg,0
1060.jpg,0
64.jpg  ,0
439.jpg ,0
1215.jpg,1
748.jpg ,0
708.jpg ,0
102.jpg ,0
1250.jpg,0
746.jpg ,1
1449.jpg,0
581.jpg ,0
29.jpg  ,1
206.jpg ,0
610.jpg ,0
967.jpg ,0
999.jpg ,0
195.jpg ,0
1343.jpg,0
85.jpg  ,0
458.jpg ,1
118.jpg ,0
190.jpg ,0
486.jpg ,1
1474.jpg,1
1357.jpg,0
1496.jpg,0
451.jpg ,0
1311.jpg,0
1269.jpg,1
96.jpg  ,0
346.jpg ,0
909.jpg ,0
924.jpg ,0
931.jpg ,1
1096.jpg,0
142.jpg ,0
452.jpg ,0
681.jpg ,1
337.jpg ,0
217.jpg ,1
1200.jpg,1
419.jpg ,0
1444.jpg,1
1161.jpg,1
659.jpg ,0
449.jpg ,0
599.jpg ,1
1410.jpg,0
972.jpg ,1
216.jpg ,0
162.jpg ,0
544.jpg ,1
880.jpg ,1
512.jpg ,0
674.jpg ,0
1178.jpg,0
1206.jpg,0
270.jpg ,1
1272.jpg,0
62.jpg  ,0
1344.jpg,0
460.jpg ,0
478.jpg ,0
1273.jpg,1
1409.jpg,0
1176.jpg,1
318.jpg ,0
531.jpg ,0
1329.jpg,0
651.jpg ,0
170.jpg ,0
95.jpg  ,1
1431.jpg,0
431.jpg ,0
1037.jpg,1
454.jpg ,1
1313.jpg,0
870.jpg ,0
522.jpg ,0
177.jpg ,1
1354.jpg,1
573.jpg ,0
332.jpg ,0
1067.jpg,1
677.jpg ,1
922.jpg ,1
178.jpg ,1
6.jpg   ,1
985.jpg ,1
877.jpg ,1
1288.jpg,0
668.jpg ,0
320.jpg ,0
1091.jpg,0
693.jpg ,1
598.jpg ,1
1277.jpg,0
1065.jpg,1
35.jpg  ,1
652.jpg ,1
1132.jpg,0
686.jpg ,0
1369.jpg,0
936.jpg ,0
212.jpg ,0
425.jpg ,0
981.jpg ,1
450.jpg ,0
1342.jpg,0
1466.jpg,0
1149.jpg,0
751.jpg ,0
129.jpg ,0
1338.jpg,0
754.jpg ,1
753.jpg ,1
1172.jpg,0
514.jpg ,1
791.jpg ,1
744.jpg ,0
156.jpg ,1
4.jpg   ,0
1422.jpg,0
1098.jpg,0
182.jpg ,0
963.jpg ,0
100.jpg ,0
506.jpg ,1
1025.jpg,0
1227.jpg,0
430.jpg ,1
8.jpg   ,0
1465.jpg,1
331.jpg ,0
944.jpg ,0
1230.jpg,0
1426.jpg,0
887.jpg ,0
1199.jpg,1
124.jpg ,0
1193.jpg,0
1348.jpg,0
213.jpg ,0
665.jpg ,0
265.jpg ,0
1168.jpg,0
1328.jpg,0
1185.jpg,0
745.jpg ,0
1378.jpg,0
161.jpg ,0
1216.jpg,1
1138.jpg,0
520.jpg ,0
75.jpg  ,0
257.jpg ,0
829.jpg ,1
188.jpg ,1
975.jpg ,0
158.jpg ,0
548.jpg ,1
36.jpg  ,1
147.jpg ,1
856.jpg ,0
113.jpg ,1
387.jpg ,1
127.jpg ,0
669.jpg ,0
455.jpg ,0
1411.jpg,1
806.jpg ,0
913.jpg ,0
1131.jpg,0
1223.jpg,0
322.jpg ,0
1430.jpg,0
709.jpg ,1
1154.jpg,1
228.jpg ,0
1406.jpg,0
554.jpg ,1
1042.jpg,1
547.jpg ,0
1276.jpg,0
732.jpg ,0
614.jpg ,0
141.jpg ,1
175.jpg ,0
160.jpg ,0
1263.jpg,0
370.jpg ,1
656.jpg ,0
822.jpg ,1
1289.jpg,0
481.jpg ,1
12.jpg  ,1
317.jpg ,0
1029.jpg,0
527.jpg ,1
1085.jpg,0
1356.jpg,0
246.jpg ,0
258.jpg ,1
1469.jpg,0
392.jpg ,0
762.jpg ,0
622.jpg ,0
671.jpg ,0
1064.jpg,0
315.jpg ,0
734.jpg ,1
836.jpg ,1
1195.jpg,0
1189.jpg,0
994.jpg ,1
1097.jpg,0
1470.jpg,0
358.jpg ,0
505.jpg ,1
871.jpg ,1
437.jpg ,0
655.jpg ,0
1162.jpg,0
343.jpg ,0
434.jpg ,0
933.jpg ,0
507.jpg ,0
412.jpg ,0
191.jpg ,0
906.jpg ,0
1217.jpg,0
280.jpg ,1
459.jpg ,1
627.jpg ,0
350.jpg ,1
395.jpg ,1
1130.jpg,0
1286.jpg,1
304.jpg ,0
1391.jpg,1
1143.jpg,0
828.jpg ,0
1170.jpg,1
83.jpg  ,1
7.jpg   ,1
711.jpg ,0
262.jpg ,0
1249.jpg,0
23.jpg  ,0
1454.jpg,1
860.jpg ,0
1039.jpg,0
1428.jpg,0
872.jpg ,1
625.jpg ,0
435.jpg ,0
301.jpg ,0
1072.jpg,0
954.jpg ,0
683.jpg ,1
1460.jpg,1
631.jpg ,1
423.jpg ,1
602.jpg ,1
1125.jpg,0
384.jpg ,0
1150.jpg,1
1015.jpg,0
626.jpg ,1
644.jpg ,0
143.jpg ,0
1320.jpg,0
817.jpg ,0
1259.jpg,0
819.jpg ,1
208.jpg ,1
1100.jpg,1
1435.jpg,0
49.jpg  ,0
215.jpg ,0
194.jpg ,0
787.jpg ,1
492.jpg ,0
1292.jpg,0
33.jpg  ,1
607.jpg ,1
820.jpg ,0
516.jpg ,0
428.jpg ,0
290.jpg ,0
715.jpg ,0
1126.jpg,1
781.jpg ,0
585.jpg ,0
1418.jpg,1
1399.jpg,0
629.jpg ,0
834.jpg ,1
684.jpg ,0
296.jpg ,0
325.jpg ,1
378.jpg ,0
810.jpg ,0
1441.jpg,0
1458.jpg,0
1167.jpg,1
736.jpg ,1
444.jpg ,1
467.jpg ,0
827.jpg ,1
1128.jpg,0
866.jpg ,0
807.jpg ,1
37.jpg  ,0
490.jpg ,0
60.jpg  ,0
327.jpg ,0
826.jpg ,1
729.jpg ,1
232.jpg ,0
852.jpg ,1
291.jpg ,0
1282.jpg,0
168.jpg ,0
104.jpg ,1
545.jpg ,1
1254.jpg,1
895.jpg ,1
775.jpg ,0
151.jpg ,1
78.jpg  ,1
541.jpg ,0
855.jpg ,1
703.jpg ,0
1333.jpg,1
465.jpg ,1
1147.jpg,0
1247.jpg,0
282.jpg ,1
184.jpg ,0
582.jpg ,0
382.jpg ,0
56.jpg  ,0
1251.jpg,1
365.jpg ,0
551.jpg ,0
57.jpg  ,0
771.jpg ,0
135.jpg ,0
464.jpg ,0
974.jpg ,1
260.jpg ,0
773.jpg ,0
1385.jpg,0
1137.jpg,1
926.jpg ,1
935.jpg ,0
942.jpg ,0
59.jpg  ,0
472.jpg ,0
173.jpg ,0
905.jpg ,0
14.jpg  ,1
960.jpg ,0
1318.jpg,1
344.jpg ,0
840.jpg ,1
876.jpg ,1
90.jpg  ,0
238.jpg ,0
405.jpg ,0
442.jpg ,0
1088.jpg,1
97.jpg  ,0
453.jpg ,0
1094.jpg,0
780.jpg ,0
1034.jpg,0
1279.jpg,0
271.jpg ,1
1395.jpg,0
1007.jpg,0
285.jpg ,0
87.jpg  ,1
672.jpg ,0
71.jpg  ,1
1275.jpg,0
94.jpg  ,1
559.jpg ,1
1111.jpg,0
402.jpg ,1
1262.jpg,0
961.jpg ,0
1110.jpg,1
509.jpg ,0
904.jpg ,1
657.jpg ,0
198.jpg ,0
784.jpg ,0
1006.jpg,0
1414.jpg,0
757.jpg ,1
673.jpg ,1
385.jpg ,0
239.jpg ,0
181.jpg ,1
1497.jpg,0
485.jpg ,0
782.jpg ,0
1151.jpg,1
1442.jpg,1
294.jpg ,1
706.jpg ,0
851.jpg ,0
138.jpg ,0
1000.jpg,0
795.jpg ,0
1013.jpg,1
691.jpg ,1
394.jpg ,0
864.jpg ,0
380.jpg ,0
1018.jpg,0
874.jpg ,1
109.jpg ,0
1419.jpg,0
1220.jpg,0
569.jpg ,0
1004.jpg,0
694.jpg ,0
1016.jpg,0
1061.jpg,1
10.jpg  ,0
533.jpg ,1
1360.jpg,0
591.jpg ,1
99.jpg  ,0
1203.jpg,0
818.jpg ,0
1450.jpg,1
1010.jpg,1
1494.jpg,0
982.jpg ,0
504.jpg ,0
812.jpg ,0
1148.jpg,0
609.jpg ,1
500.jpg ,0
63.jpg  ,0
125.jpg ,1
1299.jpg,0
1234.jpg,0
79.jpg  ,0
593.jpg ,0
159.jpg ,0
902.jpg ,0
1381.jpg,0
414.jpg ,0
712.jpg ,0
540.jpg ,0
1370.jpg,0
597.jpg ,0
1228.jpg,0
1040.jpg,1
630.jpg ,0
1041.jpg,0
1374.jpg,0
303.jpg ,1
1123.jpg,0
1491.jpg,0
1115.jpg,1
1078.jpg,0
1317.jpg,0
1274.jpg,0
998.jpg ,1
897.jpg ,0
788.jpg ,1
695.jpg ,1
388.jpg ,1
1462.jpg,0
660.jpg ,0
1144.jpg,0
1160.jpg,0
27.jpg  ,0
962.jpg ,1
1268.jpg,0
948.jpg ,0
1140.jpg,0
1326.jpg,0
833.jpg ,0
835.jpg ,0
105.jpg ,0
1310.jpg,0
1384.jpg,0
1397.jpg,0
891.jpg ,0
678.jpg ,1
983.jpg ,0
82.jpg  ,1
1214.jpg,0
752.jpg ,0
716.jpg ,1
140.jpg ,0
811.jpg ,0
1479.jpg,1
223.jpg ,0
882.jpg ,1
530.jpg ,0
1095.jpg,1
849.jpg ,0
704.jpg ,0
798.jpg ,1
968.jpg ,1
499.jpg ,1
728.jpg ,0
307.jpg ,1
1297.jpg,1
24.jpg  ,0
1246.jpg,0
218.jpg ,1
1291.jpg,0
1238.jpg,0
978.jpg ,0
766.jpg ,1
1232.jpg,1
1305.jpg,1
1334.jpg,0
417.jpg ,0
579.jpg ,1
115.jpg ,1
259.jpg ,0
91.jpg  ,1
1090.jpg,1
1121.jpg,0
183.jpg ,0
88.jpg  ,0
589.jpg ,0
1490.jpg,1
676.jpg ,1
404.jpg ,0
588.jpg ,0
1225.jpg,0
1146.jpg,0
1294.jpg,1
996.jpg ,0
408.jpg ,0
575.jpg ,1
406.jpg ,1
973.jpg ,0
1208.jpg,1
44.jpg  ,0
1135.jpg,0
865.jpg ,1
89.jpg  ,0
738.jpg ,0
103.jpg ,0
172.jpg ,0
632.jpg ,0
679.jpg ,0
1287.jpg,0
574.jpg ,0
1237.jpg,1
927.jpg ,1
918.jpg ,1
1324.jpg,0
925.jpg ,0
1302.jpg,0
519.jpg ,1
1155.jpg,0
586.jpg ,0
915.jpg ,0
923.jpg ,0
953.jpg ,0
1104.jpg,1
976.jpg ,0
279.jpg ,1
30.jpg  ,0
267.jpg ,0
763.jpg ,0
1341.jpg,1
339.jpg ,1
354.jpg ,0
900.jpg ,0
1481.jpg,1
654.jpg ,0
675.jpg ,0
86.jpg  ,0
1062.jpg,0
714.jpg ,0
176.jpg ,1
649.jpg ,0
1443.jpg,0
497.jpg ,0
1017.jpg,0
399.jpg ,1
400.jpg ,0
1165.jpg,1
970.jpg ,0
940.jpg ,0
525.jpg ,0
336.jpg ,1
383.jpg ,1
650.jpg ,0
1112.jpg,1
847.jpg ,1
536.jpg ,0
1046.jpg,0
1235.jpg,1
202.jpg ,1
204.jpg ,1
1398.jpg,1
248.jpg ,0
154.jpg ,0
1045.jpg,0
1456.jpg,0
1211.jpg,0
68.jpg  ,0
995.jpg ,0
1023.jpg,0
1142.jpg,0
1054.jpg,1
624.jpg ,0
424.jpg ,0
1255.jpg,0
873.jpg ,1
136.jpg ,1
1434.jpg,1
564.jpg ,1
139.jpg ,0
529.jpg ,0
32.jpg  ,0
1390.jpg,1
1020.jpg,0
567.jpg ,1
1382.jpg,1
503.jpg ,0
646.jpg ,0
1386.jpg,1
1404.jpg,0
606.jpg ,0
297.jpg ,0
13.jpg  ,0
1092.jpg,1
803.jpg ,1
20.jpg  ,1
1427.jpg,1
1298.jpg,0
305.jpg ,1
661.jpg ,1
348.jpg ,1
1166.jpg,0
5.jpg   ,0
122.jpg ,0
461.jpg ,0
101.jpg ,0
476.jpg ,1
663.jpg ,1
702.jpg ,1
869.jpg ,1
502.jpg ,1
263.jpg ,1
132.jpg ,1
107.jpg ,1
93.jpg  ,1
604.jpg ,0
1351.jpg,0
1184.jpg,0
830.jpg ,0
600.jpg ,1
907.jpg ,1
1440.jpg,0
266.jpg ,0
1226.jpg,1
535.jpg ,0
407.jpg ,0
776.jpg ,0
997.jpg ,0
1083.jpg,0
432.jpg ,1
1055.jpg,1
17.jpg  ,0
1337.jpg,0
479.jpg ,1
420.jpg ,0
1480.jpg,0
1082.jpg,0
747.jpg ,0
443.jpg ,1
894.jpg ,0
1457.jpg,1
1352.jpg,1
224.jpg ,1
1240.jpg,1
731.jpg ,1
1059.jpg,0
617.jpg ,1
1242.jpg,0
244.jpg ,0
1412.jpg,0
727.jpg ,1
1058.jpg,0
1366.jpg,0
859.jpg ,1
786.jpg ,0
1105.jpg,0
687.jpg ,0
236.jpg ,0
401.jpg ,0
1489.jpg,0
546.jpg ,1
774.jpg ,1
1402.jpg,0
801.jpg ,0
1163.jpg,0
48.jpg  ,0
697.jpg ,1
1484.jpg,1
281.jpg ,1
362.jpg ,0
723.jpg ,0
804.jpg ,1
1359.jpg,0
943.jpg ,1
718.jpg ,0
119.jpg ,0
114.jpg ,1
1438.jpg,1
469.jpg ,1
755.jpg ,0
843.jpg ,1
1009.jpg,0
1099.jpg,0
628.jpg ,0
1048.jpg,0
1204.jpg,0
1030.jpg,0
496.jpg ,0
462.jpg ,0
688.jpg ,0
616.jpg ,1
1086.jpg,1
480.jpg ,0
1177.jpg,0
484.jpg ,0
523.jpg ,0
433.jpg ,0
1446.jpg,0
875.jpg ,0
879.jpg ,0
1476.jpg,1
760.jpg ,1
1424.jpg,1
84.jpg  ,0
1266.jpg,0
1447.jpg,0
1198.jpg,0
1118.jpg,0
726.jpg ,0
16.jpg  ,0
1339.jpg,1
989.jpg ,0
491.jpg ,0
538.jpg ,0
764.jpg ,0
1451.jpg,0
561.jpg ,0
316.jpg ,0
1361.jpg,0
825.jpg ,0
163.jpg ,1
333.jpg ,0
363.jpg ,0
1408.jpg,0
306.jpg ,0
619.jpg ,0
1421.jpg,1
1345.jpg,0
77.jpg  ,0
26.jpg  ,0
403.jpg ,0
466.jpg ,1
441.jpg ,0
980.jpg ,0
70.jpg  ,0
368.jpg ,0
508.jpg ,1
152.jpg ,1
1122.jpg,0
66.jpg  ,0
53.jpg  ,1
854.jpg ,0
521.jpg ,0
733.jpg ,0
1296.jpg,0
1364.jpg,0
488.jpg ,0
777.jpg ,1
513.jpg ,1
793.jpg ,0
241.jpg ,1
1073.jpg,0
18.jpg  ,0
886.jpg ,0
226.jpg ,0
701.jpg ,0
1087.jpg,0
1038.jpg,1
203.jpg ,0
1081.jpg,0
831.jpg ,1
364.jpg ,1
662.jpg ,0
853.jpg ,0
1492.jpg,0
941.jpg ,0
284.jpg ,0
1192.jpg,1
986.jpg ,0
1303.jpg,1
956.jpg ,1
1050.jpg,0
1493.jpg,0
1261.jpg,1
965.jpg ,1
438.jpg ,0
1253.jpg,0
1080.jpg,1
330.jpg ,1
1175.jpg,0
785.jpg ,1
638.jpg ,0
511.jpg ,0
493.jpg ,0
1373.jpg,0
823.jpg ,1
22.jpg  ,0
166.jpg ,0
903.jpg ,1
287.jpg ,0
110.jpg ,1
3.jpg   ,1
1363.jpg,0
1218.jpg,0
1021.jpg,0
146.jpg ,1
1368.jpg,0
1336.jpg,0
1222.jpg,0
1478.jpg,0
1295.jpg,0
1429.jpg,1
620.jpg ,1
832.jpg ,1
1159.jpg,1
914.jpg ,0
1482.jpg,0
40.jpg  ,1
1212.jpg,0
73.jpg  ,0
1127.jpg,1
720.jpg ,1
256.jpg ,0
54.jpg  ,0
180.jpg ,0
1425.jpg,0
46.jpg  ,1
868.jpg ,0
758.jpg ,0
235.jpg ,0
377.jpg ,0
349.jpg ,0
863.jpg ,0
375.jpg ,0
243.jpg ,1
792.jpg ,1
1044.jpg,0
719.jpg ,1
934.jpg ,0
808.jpg ,0
1221.jpg,0
495.jpg ,0
234.jpg ,1
483.jpg ,1
883.jpg ,0
1188.jpg,0
34.jpg  ,0
489.jpg ,0
640.jpg ,0
740.jpg ,0
1309.jpg,0
613.jpg ,1
1.jpg   ,0
1181.jpg,0
594.jpg ,0
1049.jpg,0
229.jpg ,0
45.jpg  ,1
667.jpg ,0
1307.jpg,0
81.jpg  ,0
1056.jpg,0
990.jpg ,0
1323.jpg,0
1350.jpg,0
447.jpg ,1
805.jpg ,0
1355.jpg,0
278.jpg ,1
52.jpg  ,1
1498.jpg,0
890.jpg ,0
1471.jpg,0
1271.jpg,0
340.jpg ,0
698.jpg ,0
106.jpg ,0
858.jpg ,0
557.jpg ,0
42.jpg  ,1
634.jpg ,0
264.jpg ,1
816.jpg ,0
1472.jpg,0
1069.jpg,0
537.jpg ,0
187.jpg ,0
165.jpg ,0
1417.jpg,1
1186.jpg,0
131.jpg ,1
761.jpg ,0
1024.jpg,1
510.jpg ,1
556.jpg ,1
477.jpg ,0
1119.jpg,0
1019.jpg,1
1371.jpg,0
475.jpg ,0
743.jpg ,0
1483.jpg,1
367.jpg ,0
796.jpg ,0
440.jpg ,0
1452.jpg,1
1290.jpg,0
169.jpg ,0
988.jpg ,0
201.jpg ,0
373.jpg ,0
130.jpg ,0
518.jpg ,0
1415.jpg,0
1117.jpg,0
1403.jpg,0
1477.jpg,0
1445.jpg,1
214.jpg ,0
1327.jpg,1
700.jpg ,1
612.jpg ,0
1467.jpg,1
313.jpg ,1
1340.jpg,0
558.jpg ,0
919.jpg ,0
928.jpg ,0
415.jpg ,0
1312.jpg,0
892.jpg ,0
1436.jpg,0
1372.jpg,0
524.jpg ,0
1437.jpg,1
1134.jpg,1
560.jpg ,0
233.jpg ,0
128.jpg ,0
1353.jpg,1
1270.jpg,0
1213.jpg,1
1133.jpg,0
623.jpg ,0
741.jpg ,0
889.jpg ,0
240.jpg ,1
1300.jpg,0
608.jpg ,1
353.jpg ,1
58.jpg  ,0
1325.jpg,0
1157.jpg,0
957.jpg ,0
555.jpg ,0
1500.jpg,0
912.jpg ,0
1248.jpg,0
867.jpg ,0
501.jpg ,1
979.jpg ,1
1231.jpg,1
41.jpg  ,0
21.jpg  ,1
1173.jpg,0
1459.jpg,0
157.jpg ,1
1183.jpg,1
739.jpg ,1
347.jpg ,0
797.jpg ,1
878.jpg ,0
1171.jpg,0
1209.jpg,1
542.jpg ,0
155.jpg ,0
1243.jpg,0
179.jpg ,0
568.jpg ,0
288.jpg ,0
446.jpg ,0
329.jpg ,0
750.jpg ,0
167.jpg ,0
456.jpg ,0
1453.jpg,1
1043.jpg,0
413.jpg ,0
1389.jpg,1
1380.jpg,0
571.jpg ,0
1026.jpg,0
645.jpg ,0
171.jpg ,0
252.jpg ,0
1077.jpg,0
137.jpg ,0
1264.jpg,1
824.jpg ,0
1219.jpg,0
112.jpg ,0
1191.jpg,0
717.jpg ,0
1362.jpg,0
108.jpg ,1
1383.jpg,0
1070.jpg,0
276.jpg ,1
570.jpg ,0
1101.jpg,0
221.jpg ,1
837.jpg ,0
355.jpg ,1
1293.jpg,1
1076.jpg,1
1432.jpg,0
360.jpg ,1
765.jpg ,0
526.jpg ,0
1413.jpg,1
1252.jpg,0
1164.jpg,1
230.jpg ,0
494.jpg ,1
2.jpg   ,0
1012.jpg,0
397.jpg ,1
302.jpg ,1
1280.jpg,0
269.jpg ,1
846.jpg ,1
987.jpg ,0
323.jpg ,0
268.jpg ,0
227.jpg ,0
255.jpg ,0
1375.jpg,1
1394.jpg,0
1120.jpg,1
145.jpg ,1
633.jpg ,0
123.jpg ,0
1285.jpg,0
1066.jpg,0
351.jpg ,0
1063.jpg,1
666.jpg ,0
742.jpg ,1
321.jpg ,1
1256.jpg,0
164.jpg ,0
1207.jpg,1
193.jpg ,0
196.jpg ,0
92.jpg  ,1
1053.jpg,0
971.jpg ,0
550.jpg ,0
584.jpg ,0
1495.jpg,0
898.jpg ,0
800.jpg ,0
572.jpg ,0
1089.jpg,1
658.jpg ,0
1236.jpg,1
1084.jpg,0
685.jpg ,0
1239.jpg,1
374.jpg ,1
445.jpg ,0
553.jpg ,1
1463.jpg,0
1461.jpg,0
381.jpg ,0
1071.jpg,0
888.jpg ,1
334.jpg ,0
577.jpg ,1
1035.jpg,0
601.jpg ,0
938.jpg ,0
390.jpg ,0
841.jpg ,0
783.jpg ,1
528.jpg ,0
842.jpg ,0
65.jpg  ,0
1139.jpg,1
250.jpg ,0
618.jpg ,0
552.jpg ,1
517.jpg ,0
31.jpg  ,1
1473.jpg,0
696.jpg ,0
338.jpg ,0
576.jpg ,0
778.jpg ,0
1433.jpg,1
324.jpg ,1
312.jpg ,1
1416.jpg,1
713.jpg ,0
920.jpg ,0
862.jpg ,0
951.jpg ,0
231.jpg ,0
794.jpg ,1
50.jpg  ,0
930.jpg ,1
768.jpg ,0
409.jpg ,0
293.jpg ,0
1365.jpg,1
596.jpg ,0
308.jpg ,0
254.jpg ,1
1475.jpg,0
273.jpg ,0
498.jpg ,0
1068.jpg,1
1283.jpg,0
722.jpg ,0
410.jpg ,0
473.jpg ,1
692.jpg ,0
237.jpg ,0
474.jpg ,0
1393.jpg,0
603.jpg ,0
977.jpg ,1
47.jpg  ,0
427.jpg ,0
1322.jpg,0
1405.jpg,1
80.jpg  ,0
1349.jpg,1
1388.jpg,0
369.jpg ,0
376.jpg ,0
790.jpg ,1
1455.jpg,1
418.jpg ,0
1136.jpg,0
28.jpg  ,0
1169.jpg,1
636.jpg ,1
1106.jpg,1
939.jpg ,0
61.jpg  ,0
11.jpg  ,0
813.jpg ,0
635.jpg ,0
111.jpg ,0
1156.jpg,0
1210.jpg,0
590.jpg ,0
958.jpg ,0
1052.jpg,0
993.jpg ,0
186.jpg ,1
133.jpg ,0
1267.jpg,0
1316.jpg,1
580.jpg ,1
249.jpg ,0
565.jpg ,0
642.jpg ,0
1109.jpg,0
185.jpg ,0
220.jpg ,0
639.jpg ,0
251.jpg ,1
710.jpg ,0
1281.jpg,0
1319.jpg,0
969.jpg ,1
911.jpg ,1
730.jpg ,0
690.jpg ,1
1499.jpg,1
1314.jpg,1
1376.jpg,1
149.jpg ,0
984.jpg ,1
1116.jpg,0
759.jpg ,0
534.jpg ,0
76.jpg  ,0
1153.jpg,0
587.jpg ,0
120.jpg ,1
881.jpg ,0
352.jpg ,0
74.jpg  ,0
197.jpg ,1
1346.jpg,1
1257.jpg,0
1423.jpg,0
207.jpg ,0
838.jpg ,1
1194.jpg,0
210.jpg ,1
952.jpg ,0
899.jpg ,1
1358.jpg,0
1051.jpg,1
772.jpg ,0
468.jpg ,0
1304.jpg,0
1005.jpg,0
1439.jpg,0
98.jpg  ,1
326.jpg ,1
1331.jpg,0
247.jpg ,1
174.jpg ,0
205.jpg ,1
595.jpg ,0
724.jpg ,0
1315.jpg,0
386.jpg ,0
398.jpg ,0
1245.jpg,0
396.jpg ,1
916.jpg ,0
885.jpg ,0
200.jpg ,0
272.jpg ,1
283.jpg ,0
937.jpg ,0
1392.jpg,0
356.jpg ,0
416.jpg ,1
39.jpg  ,0
1079.jpg,0
1468.jpg,0
1301.jpg,0
815.jpg ,0
1347.jpg,0
1488.jpg,1
861.jpg ,1
393.jpg ,0
72.jpg  ,0
471.jpg ,0
121.jpg ,1
1141.jpg,0
421.jpg ,0
643.jpg ,1
1114.jpg,1
341.jpg ,0
274.jpg ,1
767.jpg ,0
1124.jpg,0
910.jpg ,0
901.jpg ,1
670.jpg ,0
707.jpg ,1
802.jpg ,0
1244.jpg,1
116.jpg ,0
1241.jpg,1
515.jpg ,0
1179.jpg,1
1182.jpg,0
328.jpg ,1
1103.jpg,0
1033.jpg,0
756.jpg ,1
426.jpg ,1
38.jpg  ,0
1032.jpg,0
311.jpg ,0
592.jpg ,0
839.jpg ,0
1158.jpg,0
543.jpg ,1
621.jpg ,0
532.jpg ,0
1407.jpg,1
1330.jpg,0
1008.jpg,1
689.jpg ,0
648.jpg ,1
664.jpg ,1
991.jpg ,0
917.jpg ,0
482.jpg ,1
1379.jpg,0
1229.jpg,1
25.jpg  ,0
857.jpg ,1
1031.jpg,1
1028.jpg,0
1464.jpg,0
611.jpg ,0
366.jpg ,1
563.jpg ,0
737.jpg ,0
932.jpg ,0
637.jpg ,1
1129.jpg,0
946.jpg ,0
292.jpg ,0
242.jpg ,0
1396.jpg,0
641.jpg ,1
298.jpg ,0
1202.jpg,0
699.jpg ,1
457.jpg ,1
359.jpg ,1
277.jpg ,1
921.jpg ,0
67.jpg  ,0
647.jpg ,0
1278.jpg,0
992.jpg ,1
1102.jpg,0
126.jpg ,1
15.jpg  ,0
566.jpg ,1
1036.jpg,0
470.jpg ,1
1074.jpg,1
770.jpg ,1
192.jpg ,1
1174.jpg,0
908.jpg ,0
1420.jpg,0
705.jpg ,1
389.jpg ,1
134.jpg ,0
253.jpg ,0
153.jpg ,0
1152.jpg,0
1233.jpg,1
1145.jpg,0
295.jpg ,0
150.jpg ,0
1400.jpg,1
117.jpg ,0
893.jpg ,1
884.jpg ,0
189.jpg ,0
1187.jpg,0
1075.jpg,1
947.jpg ,1
821.jpg ,1
357.jpg ,1
1108.jpg,1
309.jpg ,0
144.jpg ,0
789.jpg ,0
1197.jpg,0
680.jpg ,0
1190.jpg,0
436.jpg ,1
1258.jpg,1
1002.jpg,0
1180.jpg,0
335.jpg ,1
299.jpg ,0
1487.jpg,1
1205.jpg,0
148.jpg ,1
51.jpg  ,0
222.jpg ,0
310.jpg ,0
9.jpg   ,0
964.jpg ,1
779.jpg ,0
562.jpg ,0
1107.jpg,0
721.jpg ,1
615.jpg ,1
945.jpg ,1
1486.jpg,0
725.jpg ,0
319.jpg ,0
549.jpg ,1
1401.jpg,1
1196.jpg,0
809.jpg ,1
300.jpg ,0
959.jpg ,0
1321.jpg,0
1367.jpg,1
605.jpg ,1
1014.jpg,1
950.jpg ,1
411.jpg ,0
448.jpg ,0
19.jpg  ,1
682.jpg ,0
1448.jpg,0
211.jpg ,0
209.jpg ,0
848.jpg ,0
1260.jpg,0
1306.jpg,1
1027.jpg,0
342.jpg ,0
289.jpg ,0
286.jpg ,1
1201.jpg,1
225.jpg ,0
966.jpg ,0
1001.jpg,0
1224.jpg,0
371.jpg ,0
814.jpg ,0
379.jpg ,1
769.jpg ,1
345.jpg ,0
487.jpg ,1
43.jpg  ,0
314.jpg ,1
391.jpg ,0
1265.jpg,0
539.jpg ,0
55.jpg  ,0
361.jpg ,0
1047.jpg,0
735.jpg ,0
653.jpg ,1
1335.jpg,1
1308.jpg,1
845.jpg ,1
463.jpg ,0
1113.jpg,1
372.jpg ,0
844.jpg ,0
1284.jpg,1
1057.jpg,0
422.jpg ,1
850.jpg ,0
799.jpg ,0
245.jpg ,0
1093.jpg,0
1387.jpg,1
955.jpg ,0
896.jpg ,0
429.jpg ,0
1485.jpg,0
583.jpg ,1
949.jpg ,0
1003.jpg,1
199.jpg ,0
261.jpg ,1
1332.jpg,0
219.jpg ,0
1377.jpg,0
69.jpg  ,1
275.jpg ,0
1022.jpg,0
